module,address,end_address,size,name,source,source_sha256,catalog_status
CARDGAME,0x80084090,0x800840d0,64,CARDGAME_F0x80084090,src/cardgame/cardgame_f0x80084090.c,b9e554ebd7080bf15e77d6ff87cbacb476febf0e6c88aea929bcaf5c28745ead,C_MATCHING
CARDGAME,0x80084188,0x8008423c,180,CARDGAME_F0x80084188,src/cardgame/cardgame_f0x80084188.c,325f91619d1cac1a80e9c727504f8ffff3c17ed39fbfe17d82e6c418c01245cd,C_MATCHING
CARDGAME,0x8008423c,0x80084320,228,CARDGAME_F0x8008423c,src/cardgame/cardgame_f0x8008423c.c,4ff39d892997759a55d5e0c1f25905ab94e5843044f575534381099c5c233c6a,C_MATCHING
CARDGAME,0x80084320,0x80085de8,6856,CARDGAME_F0x80084320,src/cardgame/cardgame_f0x80084320.c,51c9c30dab117d86cd23c87726531d02317bb0340837a0f0b302a013557dd87b,C_MATCHING
CARDGAME,0x80085de8,0x80085f38,336,CARDGAME_F0x80085de8,src/cardgame/cardgame_f0x80085de8.c,67a77d459d23b4be049f091cebd96a1e4a377cbbb2d167182e44a9b2a18ff465,C_MATCHING
CARDGAME,0x80085f38,0x80085fd0,152,CARDGAME_F0x80085f38,src/cardgame/cardgame_f0x80085f38.c,e778b79dda9ba6ea087d426384dace2bad14b711519d063966dd4ba317dc3263,C_MATCHING
CARDGAME,0x80085fd0,0x80086090,192,CARDGAME_F0x80085fd0,src/cardgame/cardgame_f0x80085fd0.c,9c47cdcae1b2c63c9f3b42f6fcd6d11efcbd7d1937e2298e786b2c2eeadff33e,C_MATCHING
CARDGAME,0x800860d4,0x80086330,604,CARDGAME_F0x800860d4,src/cardgame/cardgame_f0x800860d4.c,9cfb4ecf03f317aa60ffead8bc48f0a9820121ac585241754e7c8ae04aad5c4b,C_MATCHING
CARDGAME,0x80086330,0x8008642c,252,CARDGAME_F0x80086330,src/cardgame/cardgame_f0x80086330.c,19f28de084b7697662ae008b9d5740b89542a26447d6385c9d17cf235ef9e420,C_MATCHING
CARDGAME,0x8008642c,0x80086a18,1516,CARDGAME_F0x8008642c,src/cardgame/cardgame_f0x8008642c.c,4e0312a7de55134f4d31473eb18fde99291118f44dd3a2c4e774078d49388e04,C_MATCHING
CARDGAME,0x80086a30,0x80086d28,760,CARDGAME_F0x80086a30,src/cardgame/cardgame_f0x80086a30.c,56246492936306df0397340f9e7e6cc441a01e2e260cb17efbbf99808943c144,C_MATCHING
CARDGAME,0x80086d28,0x80086d78,80,CARDGAME_F0x80086d28,src/cardgame/cardgame_f0x80086d28.c,9a88e6a855ead0a180dfc94d9c786c79083ac18ae52ec07d2bf8cea84cdbef8c,C_MATCHING
CARDGAME,0x80086d78,0x80086eb0,312,CARDGAME_F0x80086d78,src/cardgame/cardgame_f0x80086d78.c,d6a46267aca432188090cd1d088ba83f73c90f00c977093a25dfa85d228718bf,C_MATCHING
CARDGAME,0x80086eb0,0x80086f24,116,CARDGAME_F0x80086eb0,src/cardgame/cardgame_f0x80086eb0.c,370c946634a67b0beb881c5761f5ff45dc958a4522ee0f559535c7238a41e476,C_MATCHING
CARDGAME,0x80086f24,0x800870a4,384,CARDGAME_F0x80086f24,src/cardgame/cardgame_f0x80086f24.c,b9e3c3489b9398fbe488b419ff4980520f9c27c32c29c064bb9b484436d38fa9,C_MATCHING
CARDGAME,0x800870a4,0x8008722c,392,CARDGAME_F0x800870a4,src/cardgame/cardgame_f0x800870a4.c,7416f02f88b528f0f01c763f023b8361fce824d9fc4c44af164fc29f54a93810,C_MATCHING
CARDGAME,0x8008722c,0x80087308,220,CARDGAME_F0x8008722c,src/cardgame/cardgame_f0x8008722c.c,1a70dd9f345996d06c51d2fffee738fff63d630b5c31acbb2097cecb3da2fd4b,C_MATCHING
CARDGAME,0x8008735c,0x80087458,252,CARDGAME_F0x8008735c,src/cardgame/cardgame_f0x8008735c.c,391ea8c6cb057b0a8d2921249d2c0fdda838531f16b993bea5fc8764a1ce0ebc,C_MATCHING
CARDGAME,0x80087458,0x800875ac,340,CARDGAME_F0x80087458,src/cardgame/cardgame_f0x80087458.c,914c6ef57800b88cf5d4a48430a0f5e4a79a2526c578799787c83443779e9e10,C_MATCHING
CARDGAME,0x800875ac,0x800878b4,776,CARDGAME_F0x800875ac,src/cardgame/cardgame_f0x800875ac.c,d39958ceb2172d79762d8b23b82dc0126a8eb4148ad18f09df7c0a6d52c2c509,C_MATCHING
CARDGAME,0x800878b4,0x80087b80,716,CARDGAME_F0x800878b4,src/cardgame/cardgame_f0x800878b4.c,6a0fe4d35c56ff34528db88f7b40573cf0bd2ae2966cb74fd8e42a59e3572f17,C_MATCHING
CARDGAME,0x80087b80,0x80087dc8,584,CARDGAME_F0x80087b80,src/cardgame/cardgame_f0x80087b80.c,5af2cf24505d30731fae1e03cbac491042fb60d2e4642c41ed0a69c5ca37e71c,C_MATCHING
CARDGAME,0x80087dc8,0x80087edc,276,CARDGAME_F0x80087dc8,src/cardgame/cardgame_f0x80087dc8.c,619210cf24fdefd39f002d20be9afdd3e473cf928a6bd7e8f74dd7d7a85aa7bb,C_MATCHING
CARDGAME,0x80087edc,0x80088f0c,4144,CARDGAME_F0x80087edc,src/cardgame/cardgame_f0x80087edc.c,d16e355e24b6d6e7ac408265d89697efb4c36224347f0565667dd8dd38c952fd,C_MATCHING
CARDGAME,0x80088f0c,0x80088f78,108,CARDGAME_F0x80088f0c,src/cardgame/cardgame_f0x80088f0c.c,41479ef09873a86a8af2e125d3dd0005e8fb6225729eabe319f12bf280775ef1,C_MATCHING
CARDGAME,0x80088f78,0x800894e4,1388,CARDGAME_F0x80088f78,src/cardgame/cardgame_f0x80088f78.c,92373ccf54773994cd2372f2e4f91a852d5ef1c096a22f0c56d7ffb0a054cddd,C_MATCHING
CARDGAME,0x800894e4,0x80089580,156,CARDGAME_F0x800894e4,src/cardgame/cardgame_f0x800894e4.c,07ccc0d55929e32acb679d52820042169e2798f64cb8695054a436a00104aee5,C_MATCHING
CARDGAME,0x80089580,0x800896f0,368,CARDGAME_F0x80089580,src/cardgame/cardgame_f0x80089580.c,16c0d60abbea4d7a69a27bcd7f56b7c9d8e97484dbb7cac030e1770552ee8ee9,C_MATCHING
CARDGAME,0x800896f0,0x8008985c,364,CARDGAME_F0x800896f0,src/cardgame/cardgame_f0x800896f0.c,4ba15234526bf381451da7afd5db6eee83da931ca332bd0462c811f1661526a8,C_MATCHING
CARDGAME,0x8008985c,0x80089974,280,CARDGAME_F0x8008985c,src/cardgame/cardgame_f0x8008985c.c,140e442799233af4ca6f330d38479847aa0d00eebcd267913a5eef1ae6daa394,C_MATCHING
CARDGAME,0x80089974,0x80089ec8,1364,CARDGAME_F0x80089974,src/cardgame/cardgame_f0x80089974.c,7d09f9223303b6f6b0505391e383734097807861dfc8bfc0cddf6d51a0d88f3b,C_MATCHING
CARDGAME,0x80089f18,0x8008a068,336,CARDGAME_F0x80089f18,src/cardgame/cardgame_f0x80089f18.c,f8eb80d3c563a45b1d58df76bccf2ce96b002cb7601225a198de6f13973d3180,C_MATCHING
CARDGAME,0x8008a068,0x8008ad48,3296,CARDGAME_F0x8008a068,src/cardgame/cardgame_f0x8008a068.c,1c4cbd3e0ea670e95f25e087664164600b8e29d31b381762867698c023cc68a2,C_MATCHING
CARDGAME,0x8008ad58,0x8008ad78,32,CARDGAME_F0x8008ad58,src/cardgame/cardgame_f0x8008ad58.c,634a9d6566a3940bb4ed3a5e59564339e8caa0136097352faa161663b4b7b316,C_MATCHING
CARDGAME,0x8008ad78,0x8008ad98,32,CARDGAME_F0x8008ad78,src/cardgame/cardgame_f0x8008ad78.c,74a7b378fee4a479e69d172e2883e9f3679193e0c82d055a7a527d539b147375,C_MATCHING
CARDGAME,0x8008ad98,0x8008baa4,3340,CARDGAME_F0x8008ad98,src/cardgame/cardgame_f0x8008ad98.c,9c160d7d5f32f9364baf9c29d50396f883311b467f690b83f1241ad45da191da,C_MATCHING
CARDGAME,0x8008baa4,0x8008bc6c,456,CARDGAME_F0x8008baa4,src/cardgame/cardgame_f0x8008baa4.c,364d2b7d1bd4fb03b79e79eb1300332c96c082efea888c4c0707c0c12e976a1e,C_MATCHING
CARDGAME,0x8008bc6c,0x8008bc8c,32,CARDGAME_F0x8008bc6c,src/cardgame/cardgame_f0x8008bc6c.c,35b67c719f6b5002b237279498fbf672e3d3faf3dc89d8afe21ef6ddb6558ab2,C_MATCHING
CARDGAME,0x8008bc8c,0x8008be04,376,CARDGAME_F0x8008bc8c,src/cardgame/cardgame_f0x8008bc8c.c,d1242e0b43f81feb758f293866d5b39fc578fdbea6faa37973be7447d35e7cdb,C_MATCHING
CARDGAME,0x8008be04,0x8008c044,576,CARDGAME_F0x8008be04,src/cardgame/cardgame_f0x8008be04.c,2fd84072294520b567a19374b211769ea3caee9aed8e83a265bb7b8db7c30da0,C_MATCHING
CARDGAME,0x8008c044,0x8008c5f0,1452,CARDGAME_F0x8008c044,src/cardgame/cardgame_f0x8008c044.c,d51a5ca34c04f4d1f21de520d023081fcdadf4a45b688ea5a79301c158eb977e,C_MATCHING
CARDGAME,0x8008c5f0,0x8008c6e0,240,CARDGAME_F0x8008c5f0,src/cardgame/cardgame_f0x8008c5f0.c,871e7f6ac0345c7c6f195f28d855aeb92a31eecda2f0298895a532a31b3385ec,C_MATCHING
CARDGAME,0x8008c6e0,0x8008c8d8,504,CARDGAME_F0x8008c6e0,src/cardgame/cardgame_f0x8008c6e0.c,8cf366b1cf037b505e690b7a59d1d28ad7ae9c4bfcc1ae51a832e55cfa064298,C_MATCHING
CARDGAME,0x8008c988,0x8008ca4c,196,CARDGAME_F0x8008c988,src/cardgame/cardgame_f0x8008c988.c,25901293a9c20adbd183a5839758c714fce63a0170d06310b5e9510411b5679c,C_MATCHING
CARDGAME,0x8008ca4c,0x8008cb5c,272,CARDGAME_F0x8008ca4c,src/cardgame/cardgame_f0x8008ca4c.c,a7ef624cae8f7c41e6d2bd69d9dfb4a292890c946adf9244d5026bd4d4d29bc2,C_MATCHING
CARDGAME,0x8008cb5c,0x8008ce0c,688,CARDGAME_F0x8008cb5c,src/cardgame/cardgame_f0x8008cb5c.c,87a5af719b06e2c39cd8a1d7769044a15a2eab6c0d86231a1f51ffb9341db8ab,C_MATCHING
CARDGAME,0x8008ce0c,0x8008cfdc,464,CARDGAME_F0x8008ce0c,src/cardgame/cardgame_f0x8008ce0c.c,d4680cb70a8f994aac44121b14f3b55cd71db0ef85aabea9451b23abb4a0f6cb,C_MATCHING
CARDGAME,0x8008cfdc,0x8008d274,664,CARDGAME_F0x8008cfdc,src/cardgame/cardgame_f0x8008cfdc.c,e20d48aa0a8c748782f929c1dcf4952fbfd8070058ea16e606fc5140adc9b4ed,C_MATCHING
CARDGAME,0x8008d274,0x8008d594,800,CARDGAME_F0x8008d274,src/cardgame/cardgame_f0x8008d274.c,2e55de558d4a9ea53d0b6ab6f61f249407d8c4aae200e0e970b55a50bbffaf01,C_MATCHING
CARDGAME,0x8008d594,0x8008d854,704,CARDGAME_F0x8008d594,src/cardgame/cardgame_f0x8008d594.c,b355a7a13e62865daf419a69afd5f258e224886f44c86b8b78e5c1313ae1e7fb,C_MATCHING
CARDGAME,0x8008d854,0x8008d938,228,CARDGAME_F0x8008d854,src/cardgame/cardgame_f0x8008d854.c,eae267ffc626f1a53dc29425f9ce615561933f4b9aa958ef34c63fac13eb114b,C_MATCHING
CARDGAME,0x8008d938,0x8008da2c,244,CARDGAME_F0x8008d938,src/cardgame/cardgame_f0x8008d938.c,f1f9d0005e5110984cce83dd0e36cf4daac190d8ba902db3ee932cbae263da9f,C_MATCHING
CARDGAME,0x8008da2c,0x8008daf4,200,CARDGAME_F0x8008da2c,src/cardgame/cardgame_f0x8008da2c.c,50f9504325194552f0739f027c401aa8ad7caf0fbc4122ce1ea14ebf2064c6da,C_MATCHING
CARDGAME,0x8008daf4,0x8008db7c,136,CARDGAME_F0x8008daf4,src/cardgame/cardgame_f0x8008daf4.c,654bcc7090ad2e528fe81a14a951f35e51e78a49252fd23fe1768b19bc2c0ac7,C_MATCHING
CARDGAME,0x8008db7c,0x8008dc70,244,CARDGAME_F0x8008db7c,src/cardgame/cardgame_f0x8008db7c.c,13fd2e830167dde2f3c0ffde1560a477ef4d3a74ca5c658a3f8b0889aefcb58b,C_MATCHING
CARDGAME,0x8008dc70,0x8008dd38,200,CARDGAME_F0x8008dc70,src/cardgame/cardgame_f0x8008dc70.c,aec7f276a6a542dbf6cf115fc5032a393142934d42efba37602a48b81f44a003,C_MATCHING
CARDGAME,0x8008dd38,0x8008ddc0,136,CARDGAME_F0x8008dd38,src/cardgame/cardgame_f0x8008dd38.c,dbeda76b682872d71206fdc8306a945a4692cfa4b9c9087daceba625b54cbdfa,C_MATCHING
CARDGAME,0x8008ddc0,0x8008deac,236,CARDGAME_F0x8008ddc0,src/cardgame/cardgame_f0x8008ddc0.c,c6c4cc39757b762df3e074254c8f1f553362dab1f500d9379b192ac3245c364d,C_MATCHING
CARDGAME,0x8008deac,0x8008def8,76,CARDGAME_F0x8008deac,src/cardgame/cardgame_f0x8008deac.c,42d773a33dcf5e6dcffbc71b8c7e9fa30a2b5c27e77af20aac5d04bfcfe0265e,C_MATCHING
CARDGAME,0x8008def8,0x8008e08c,404,CARDGAME_F0x8008def8,src/cardgame/cardgame_f0x8008def8.c,77c5021a2829b6b4ce2f59b4dac1acf50734ab4765be9d1dfd62fe5b36ef1125,C_MATCHING
CARDGAME,0x8008e398,0x8008e5b0,536,CARDGAME_F0x8008e398,src/cardgame/cardgame_f0x8008e398.c,4cd95940466d7b7a0fd38eb0d0202e88163be2bbe17d68d35ab0fee0402d07a4,C_MATCHING
CARDGAME,0x8008e5bc,0x8008ec44,1672,CARDGAME_F0x8008e5bc,src/cardgame/cardgame_f0x8008e5bc.c,48cb56f72866e0b423e223a282644f308e698836480f4f85fd8da1755c58d14c,C_MATCHING
CARDGAME,0x8008ec44,0x8008eec8,644,CARDGAME_F0x8008ec44,src/cardgame/cardgame_f0x8008ec44.c,bce172e17b6366268f9436d46af38ccf5f8a1aad3daf64cde6476ffdf96e8c00,C_MATCHING
CARDGAME,0x8008eec8,0x8008f0b4,492,CARDGAME_F0x8008eec8,src/cardgame/cardgame_f0x8008eec8.c,ab588995da57bfd9c93510f79dcde1ce46f6fe6e0aee847b073d3b47e422da04,C_MATCHING
CARDGAME,0x8008f0f4,0x8008f2d8,484,CARDGAME_F0x8008f0f4,src/cardgame/cardgame_f0x8008f0f4.c,cf124d51438fa88cf96854dc42c99bb2cc1e4ce2e75834a63dbea0353812ff3f,C_MATCHING
CARDGAME,0x8008f2ec,0x8008f530,580,CARDGAME_F0x8008f2ec,src/cardgame/cardgame_f0x8008f2ec.c,91503af08d99b0f9b17dd42e753b76b4e8d89917300e44814a003f62edf00691,C_MATCHING
CARDGAME,0x8008f530,0x8008f560,48,CARDGAME_F0x8008f530,src/cardgame/cardgame_f0x8008f530.c,40f2472a706c413770b41de5fa67b7970256ecada5a0b2e3a0322fdf15aeaa58,C_MATCHING
CARDGAME,0x8008f560,0x8008f750,496,CARDGAME_F0x8008f560,src/cardgame/cardgame_f0x8008f560.c,5ffe472b59e39935a3347a6937bfe151dd0d3c168285f571cdb72ae5f6171744,C_MATCHING
CARDGAME,0x8008f750,0x8008f790,64,CARDGAME_F0x8008f750,src/cardgame/cardgame_f0x8008f750.c,17c219bd0f7f7ed91eb2076bfcc925d6fb63d86805f35fedce303ac19a1fe712,C_MATCHING
CARDGAME,0x8008f790,0x8008f948,440,CARDGAME_F0x8008f790,src/cardgame/cardgame_f0x8008f790.c,cca464435cd6aa8e6d1251d02b19d44c6d001e53c8ae30114f4435fd74404314,C_MATCHING
CARDGAME,0x8008f978,0x8008fa9c,292,CARDGAME_F0x8008f978,src/cardgame/cardgame_f0x8008f978.c,6eaea5867eebd20db498eb6661ab96464b2422e52235b91c8faf55fcd64b14d0,C_MATCHING
CARDGAME,0x8008fa9c,0x8008ff08,1132,CARDGAME_F0x8008fa9c,src/cardgame/cardgame_f0x8008fa9c.c,d8949bad4c72d1334e240d1d2fe99d736403b0b9e04509b65d0fcdc956672dda,C_MATCHING
CARDGAME,0x8008ff08,0x80090058,336,CARDGAME_F0x8008ff08,src/cardgame/cardgame_f0x8008ff08.c,21b94783ba0f3f457f65374a598d1bd5bd87169279827e6e6e0e075ae780f7c4,C_MATCHING
CARDGAME,0x80090058,0x8009076c,1812,CARDGAME_F0x80090058,src/cardgame/cardgame_f0x80090058.c,f3634ac8ee8aebba8374356961e5e4dfe35da244ae378182fcebf929e351210c,C_MATCHING
CARDGAME,0x800907ac,0x80090a6c,704,CARDGAME_F0x800907ac,src/cardgame/cardgame_f0x800907ac.c,48b0ce8a8e742446982602b6be7526efee7e31b41fb74445382639da7d335605,C_MATCHING
CARDGAME,0x80090ba0,0x80090cd8,312,CARDGAME_F0x80090ba0,src/cardgame/cardgame_f0x80090ba0.c,1d42b97f881e4a1e2f5c2c95c96b139ec8ac7723246959afdf02e7d7da500011,C_MATCHING
CARDGAME,0x80090cd8,0x800915c4,2284,CARDGAME_F0x80090cd8,src/cardgame/cardgame_f0x80090cd8.c,f5744d048d41e7818e0cffbd90e9c38b344eb4f1d3e3c3def817f42e4c150ae6,C_MATCHING
CARDGAME,0x800915d4,0x8009170c,312,CARDGAME_F0x800915d4,src/cardgame/cardgame_f0x800915d4.c,3ac9dfc0ed9dd5a362f74058a4f5325a7678c201b3da65458ab4d410c6e2bafc,C_MATCHING
CARDGAME,0x80091858,0x800919fc,420,CARDGAME_F0x80091858,src/cardgame/cardgame_f0x80091858.c,74d7c1ea0a9d0a852871a50c549dde7bfc1afe341ec5c2f658a828121984141c,C_MATCHING
CARDGAME,0x800919fc,0x80091c6c,624,CARDGAME_F0x800919fc,src/cardgame/cardgame_f0x800919fc.c,61c84ab0717380f1e160e4689d2e0e4974e8d313f7e59a38b7316f0418ab54d7,C_MATCHING
CARDGAME,0x80091c6c,0x80091eb0,580,CARDGAME_F0x80091c6c,src/cardgame/cardgame_f0x80091c6c.c,64c425a79115595a968b248c8e13a59b6453eedecf59e4f98ce7f1ed81352728,C_MATCHING
CARDGAME,0x80091eb0,0x80092198,744,CARDGAME_F0x80091eb0,src/cardgame/cardgame_f0x80091eb0.c,d4aa5c9ae3b7c2513de24859305f12ab4199eef101a16ba8385c451af29161f8,C_MATCHING
CARDGAME,0x80092198,0x80092438,672,CARDGAME_F0x80092198,src/cardgame/cardgame_f0x80092198.c,db7b1719b0cf525d3aff64c0262a2001a3e0b7b0f0af0a722d9cd1c879c1c5e0,C_MATCHING
CARDGAME,0x80092438,0x80092638,512,CARDGAME_F0x80092438,src/cardgame/cardgame_f0x80092438.c,0fb6629796755196eec19f751fe5a50d54b6eec4b405bca98769f9fe925e42d0,C_MATCHING
CARDGAME,0x80092638,0x80092ba4,1388,CARDGAME_F0x80092638,src/cardgame/cardgame_f0x80092638.c,ae4512c51aac2554f3beb79b15e14c7a0de8d6efa501e53a3b5c4c10a3d977f1,C_MATCHING
CARDGAME,0x80092ba4,0x80092c54,176,CARDGAME_F0x80092ba4,src/cardgame/cardgame_f0x80092ba4.c,ac6d5f628e1c6434a0306b3b8b883806a50a5e24150ddf4e74b851a76e9237f1,C_MATCHING
CARDGAME,0x80092c54,0x80092e60,524,CARDGAME_F0x80092c54,src/cardgame/cardgame_f0x80092c54.c,c2da6082d99a4c2277a82843dc25dfb8939893f221bb9a9d2010536002e0665f,C_MATCHING
CARDGAME,0x80092e60,0x80093624,1988,CARDGAME_F0x80092e60,src/cardgame/cardgame_f0x80092e60.c,c22b740a1834e7a4c6ac954631e987bbe49b64eb43670278a2a6857b105feea3,C_MATCHING
CARDGAME,0x80093710,0x80093adc,972,CARDGAME_F0x80093710,src/cardgame/cardgame_f0x80093710.c,dfcaa3a5e45e13c4acecc7cfa410a33bc96349f3a00128d1a82b0932931135b4,C_MATCHING
CARDGAME,0x80093b10,0x80093bc4,180,CARDGAME_F0x80093b10,src/cardgame/cardgame_f0x80093b10.c,2c38e28aca84a22d22add756ef409b85b4dac150eeeac10c761ea9206022d029,C_MATCHING
CARDGAME,0x80093c18,0x80093cac,148,CARDGAME_F0x80093c18,src/cardgame/cardgame_f0x80093c18.c,d397b2a2db67ec18c30e76162e781057a8be0051637b4d50abcef32e689d38fc,C_MATCHING
CARDGAME,0x80093cac,0x8009403c,912,CARDGAME_F0x80093cac,src/cardgame/cardgame_f0x80093cac.c,82f01ef8cde9f2897d99c4daccb1f0217c0903f3bd00a9903dad75d24f698e71,C_MATCHING
CARDGAME,0x8009403c,0x800942dc,672,CARDGAME_F0x8009403c,src/cardgame/cardgame_f0x8009403c.c,85618a7986ddf00421681eb36b04a8f18a9d0c6c73efe8efd18045808bf50a4e,C_MATCHING
CARDGAME,0x800942dc,0x80094828,1356,CARDGAME_F0x800942dc,src/cardgame/cardgame_f0x800942dc.c,38208894fdbf4ecc6c6ac67192a7e8882f54ac22393a54c6f3496d3d1835266e,C_MATCHING
CARDGAME,0x80094848,0x80094b78,816,CARDGAME_F0x80094848,src/cardgame/cardgame_f0x80094848.c,932b20d40cc3e7eebfa0dee20f1baffb1761fa92ff628493321e57c104a4a151,C_MATCHING
CARDGAME,0x80094b9c,0x80094fdc,1088,CARDGAME_F0x80094b9c,src/cardgame/cardgame_f0x80094b9c.c,448c83959f26adfb97f84b7d6997969b82424d8fb316c329e8d86d3908d87d98,C_MATCHING
CARDGAME,0x80094fdc,0x80095030,84,CARDGAME_F0x80094fdc,src/cardgame/cardgame_f0x80094fdc.c,f18a4d0d0d644cb64909297c465b075a6bf697b6e6c2afb69c44dc8ecdf5cf2f,C_MATCHING
CARDGAME,0x80095030,0x8009518c,348,CARDGAME_F0x80095030,src/cardgame/cardgame_f0x80095030.c,2ea796e1b2a466c71d3eb8f57533c2612317bc7109d056a84ca7f61df4c06a21,C_MATCHING
CARDGAME,0x8009518c,0x80095208,124,CARDGAME_F0x8009518c,src/cardgame/cardgame_f0x8009518c.c,ac860bf49dde8be9d37dd38967a7ae11ddace30037465fe0fa046514e960edce,C_MATCHING
CARDGAME,0x80095274,0x800952f4,128,CARDGAME_F0x80095274,src/cardgame/cardgame_f0x80095274.c,23d05a73fba2a7665996c0b87bce6d26c3155a97a51bb6c1379f66b15a43899d,C_MATCHING
CARDGAME,0x8009535c,0x800954f8,412,CARDGAME_F0x8009535c,src/cardgame/cardgame_f0x8009535c.c,4c530128832777ab027667f3ccb393f045143dc78c60eef087250178a502b350,C_MATCHING
CARDGAME,0x800954f8,0x80095bfc,1796,CARDGAME_F0x800954f8,src/cardgame/cardgame_f0x800954f8.c,fe736be433b7c8880cbe52f7c1ccc0f5de704d78a890a71d51de7c2fad3c1579,C_MATCHING
CARDGAME,0x80095bfc,0x80095e2c,560,CARDGAME_F0x80095bfc,src/cardgame/cardgame_f0x80095bfc.c,199bb452354cccafc8ee41780b674ff6da42e4125d0acaafa3b58ba0b41641d8,C_MATCHING
CARDGAME,0x80095e2c,0x80095e58,44,CARDGAME_F0x80095e2c,src/cardgame/cardgame_f0x80095e2c.c,102f71d45b1dfaab2480c914b1b679ed2475f38020a5a8e1f5a60ae9dc3092a3,C_MATCHING
CARDGAME,0x80095e58,0x80095fb4,348,CARDGAME_F0x80095e58,src/cardgame/cardgame_f0x80095e58.c,e29ab35706a5cfac5945b59b8d82c28085f4a67d54496beda09406a2019251cb,C_MATCHING
CARDGAME,0x80095fb4,0x80096144,400,CARDGAME_F0x80095fb4,src/cardgame/cardgame_f0x80095fb4.c,b30ba02d8a6e160e334bfbed291e63c4cb9ed3c45ba4f7874d44c38cea68ec67,C_MATCHING
CARDGAME,0x80096180,0x800961f0,112,CARDGAME_F0x80096180,src/cardgame/cardgame_f0x80096180.c,5b7c840f9067d56a19c581ce04a6f49ca865733d9e42c4b40efba8d7a1315c55,C_MATCHING
CARDGAME,0x800961f0,0x80096418,552,CARDGAME_F0x800961f0,src/cardgame/cardgame_f0x800961f0.c,1b7a4a20ba92cfcbb5358dfe6c778aa6d1c48edf89a72b5cb38b16d69e57bf5b,C_MATCHING
CARDGAME,0x80096418,0x800967f8,992,CARDGAME_F0x80096418,src/cardgame/cardgame_f0x80096418.c,744b405f52b02463656785409409e37180b98a52ed0f162d3656ea51d9127faa,C_MATCHING
CARDGAME,0x80096828,0x80096950,296,CARDGAME_F0x80096828,src/cardgame/cardgame_f0x80096828.c,d6c1eec0e95b581b8e5476c762f4d7488b957f5c05d96b71940a6a0b09d50181,C_MATCHING
CARDGAME,0x80096950,0x80096a94,324,CARDGAME_F0x80096950,src/cardgame/cardgame_f0x80096950.c,a2f58eb00054712d143e235dbf28dbe8e2320cb31a6ff113a99f5fc9be8b3c08,C_MATCHING
CARDGAME,0x80096a94,0x80096c20,396,CARDGAME_F0x80096a94,src/cardgame/cardgame_f0x80096a94.c,9abfb048a6205b714affc5d8fbbe7bd5b682078546a5c902f972a042e8dda695,C_MATCHING
CARDGAME,0x80096c20,0x80096cf0,208,CARDGAME_F0x80096c20,src/cardgame/cardgame_f0x80096c20.c,47a5e5cc4c4e942bbbf23ff8666e99bbc2c9288a75564070180a19b56d3c0eaf,C_MATCHING
CARDGAME,0x80096cf0,0x80096e24,308,CARDGAME_F0x80096cf0,src/cardgame/cardgame_f0x80096cf0.c,ea4bcb9af9e9b870beb617ad20370805022b7e0be685a6804d9e8e7967934e50,C_MATCHING
CARDGAME,0x80096e24,0x80096e8c,104,CARDGAME_F0x80096e24,src/cardgame/cardgame_f0x80096e24.c,b9f563ea22ebfbecdd6046c36047460f961474761e88c2149053cf2fdfa7c303,C_MATCHING
CARDGAME,0x80096e8c,0x80097238,940,CARDGAME_F0x80096e8c,src/cardgame/cardgame_f0x80096e8c.c,0e96cacde86d64fe15279e1ab64bf3e33561619c72c0534d25b525651f3c9589,C_MATCHING
CARDGAME,0x80097238,0x80097310,216,CARDGAME_F0x80097238,src/cardgame/cardgame_f0x80097238.c,4da1c41cc6f4502abb5e4aec815dd537df2afd76e4f4fcd57a07592e4efc6b5a,C_MATCHING
CARDGAME,0x80097310,0x800973e4,212,CARDGAME_F0x80097310,src/cardgame/cardgame_f0x80097310.c,4b6e16fe666a71ad435150f7387e2d906b6081c14f7071887c0cab651148cb6d,C_MATCHING
CARDGAME,0x800973e4,0x80097508,292,CARDGAME_F0x800973e4,src/cardgame/cardgame_f0x800973e4.c,6f4592cd0a5bec14a49abafd5993e2886c47ec0a019ce854f2291c874157bf94,C_MATCHING
CARDGAME,0x80097508,0x800978f0,1000,CARDGAME_F0x80097508,src/cardgame/cardgame_f0x80097508.c,dd16790052fafb6d3ac6feca2c0a5b50b5f2c46735d027ecc5662a40ef21e5a1,C_MATCHING
CARDGAME,0x800978f0,0x80097958,104,CARDGAME_F0x800978f0,src/cardgame/cardgame_f0x800978f0.c,ae9a46180b11f3cd75ab087506e69a97c63bdeefc60ef194914d8014413fa671,C_MATCHING
CARDGAME,0x80097958,0x80097a24,204,CARDGAME_F0x80097958,src/cardgame/cardgame_f0x80097958.c,0386c472661078685ac86e5580b88f5dcff473cc695cb56676b9c3161f5daa09,C_MATCHING
CARDGAME,0x80097a24,0x80097acc,168,CARDGAME_F0x80097a24,src/cardgame/cardgame_f0x80097a24.c,2cdf697e86af255c85f30cc895effde847ef28d2426d15a30c5a9e06d684548c,C_MATCHING
CARDGAME,0x80097acc,0x8009848c,2496,CARDGAME_F0x80097acc,src/cardgame/cardgame_f0x80097acc.c,e9b1b6e9e05dd2ad2112554532602616482edfe49e267dc754370efe76ae8e2b,C_MATCHING
CARDGAME,0x8009848c,0x80098558,204,CARDGAME_F0x8009848c,src/cardgame/cardgame_f0x8009848c.c,543271b6209ef7bb017a99f930925d55b1de62e997c7a92726b2d7d587cdfe76,C_MATCHING
CARDGAME,0x80098558,0x80098864,780,CARDGAME_F0x80098558,src/cardgame/cardgame_f0x80098558.c,8bd65ff113acb4670f93eb3e6eafbd74d1e36c3701abdeddaabaabfafee0b4d8,C_MATCHING
CARDGAME,0x80098898,0x80099440,2984,CARDGAME_F0x80098898,src/cardgame/cardgame_f0x80098898.c,272b679540e377cd2561e152ff8c33c7050e95a2751272dc8e79cde91b8b0cc5,C_MATCHING
CARDGAME,0x80099440,0x800999a0,1376,CARDGAME_F0x80099440,src/cardgame/cardgame_f0x80099440.c,47217c8804fbfbc565aa7a3df4713b9841f2ffabca5c1baff0241685597111f5,C_MATCHING
CARDGAME,0x800999a0,0x80099be4,580,CARDGAME_F0x800999a0,src/cardgame/cardgame_f0x800999a0.c,6005c180b270a3d98a781a9d90c9ccb54ef3f59f9156ff6aebf1e7b80bb81ca4,C_MATCHING
CARDGAME,0x80099be4,0x80099d18,308,CARDGAME_F0x80099be4,src/cardgame/cardgame_f0x80099be4.c,face5960052c55a202d686f6d606c7ab07a45f6156ae79147bbaa3c3813654db,C_MATCHING
CARDGAME,0x80099d18,0x80099de8,208,CARDGAME_F0x80099d18,src/cardgame/cardgame_f0x80099d20.c,071cb882d41da47946394670d26108f5a625c436efbce7b10499cb935ff916f6,C_MATCHING
CARDGAME,0x80099de8,0x80099ed4,236,CARDGAME_F0x80099de8,src/cardgame/cardgame_f0x80099de8.c,d7bd0867a2fd2f818798eebb62d15b4382c28a6bc9f5f9b57b28aebca8d22ec3,C_MATCHING
CARDGAME,0x80099ed4,0x80099f60,140,CARDGAME_F0x80099ed4,src/cardgame/cardgame_f0x80099ed4.c,a5ca9d10d213775554197f8c56bd6ba3f06e9de7756c4215203f11e97c279a33,C_MATCHING
CARDGAME,0x80099f60,0x80099ffc,156,CARDGAME_F0x80099f60,src/cardgame/cardgame_f0x80099f60.c,e71feb2464c7ecc9e88565cc2999bf1be1937e9fb581817c29b59dbf05acbcff,C_MATCHING
CARDGAME,0x80099ffc,0x8009a1a0,420,CARDGAME_F0x80099ffc,src/cardgame/cardgame_f0x8009a004.c,19e463986e71375e540ddaa00ce90d5d160bf90569036398695813bf8bf3c55e,C_MATCHING
CARDGAME,0x8009a1a0,0x8009a454,692,CARDGAME_F0x8009a1a0,src/cardgame/cardgame_f0x8009a1a0.c,ef37728ebb9cee33586e4bc3d72eca43eae0935ba4b6234474024fdb5aebbd33,C_MATCHING
CARDGAME,0x8009a454,0x8009a540,236,CARDGAME_F0x8009a454,src/cardgame/cardgame_f0x8009a454.c,6da0fe3da8eabc872cf2f6c318f67696cc18342c6f275abb808d61e95e22bde7,C_MATCHING
CARDGAME,0x8009a540,0x8009a5b0,112,CARDGAME_F0x8009a540,src/cardgame/cardgame_f0x8009a540.c,9f0b5e7d88e772a83a5fff33d5f8cb6d88bd266835b2e6bf20d651096f3f2210,C_MATCHING
CARDGAME,0x8009a5b0,0x8009a62c,124,CARDGAME_F0x8009a5b0,src/cardgame/cardgame_f0x8009a5b0.c,f8834b1df22a53ce0cbf6cf2f572be01d343b4d1aaa1c189170e26f96a188ad8,C_MATCHING
CARDGAME,0x8009a62c,0x8009a75c,304,CARDGAME_F0x8009a62c,src/cardgame/cardgame_f0x8009a62c.c,a595c137c17fdb02c4d2a21c5c22b113ecbc9bff414d74dca037b5fb4a2ce24b,C_MATCHING
CARDGAME,0x8009a75c,0x8009a82c,208,CARDGAME_F0x8009a75c,src/cardgame/cardgame_f0x8009a75c.c,d5510735fc2cdb8974dc10966078509297bb7ed74e4c9b5c3e77a5781aaccfc7,C_MATCHING
CARDGAME,0x8009a82c,0x8009a998,364,CARDGAME_F0x8009a82c,src/cardgame/cardgame_f0x8009a82c.c,ff613803c3b0244802ff010a35f51b19bf46e95bf2e9d8ba4c8327d24625b9df,C_MATCHING
CARDGAME,0x8009a998,0x8009acac,788,CARDGAME_F0x8009a998,src/cardgame/cardgame_f0x8009a998.c,c3654c3e2e78e6165be22ec5aae221ef591d42626cf84cc5f277c0c2579fb238,C_MATCHING
CARDGAME,0x8009acac,0x8009af28,636,CARDGAME_F0x8009acac,src/cardgame/cardgame_f0x8009acac.c,3b9cc0f20231f94b3a6135fe4676a2447f6f44ab0741a2673aa506553b5d72b8,C_MATCHING
CARDGAME,0x8009af28,0x8009b028,256,CARDGAME_F0x8009af28,src/cardgame/cardgame_f0x8009af28.c,29ed4ddca328abc55f3da853ee3d3f8489ab1f6f59dfe897349b86be4900fbcf,C_MATCHING
CARDGAME,0x8009b028,0x8009b168,320,CARDGAME_F0x8009b028,src/cardgame/cardgame_f0x8009b028.c,110298c842c9d02be20d52904d4a3f31ee84d87fd2179ce2f433ce4264b3c5be,C_MATCHING
CARDGAME,0x8009b168,0x8009b678,1296,CARDGAME_F0x8009b168,src/cardgame/cardgame_f0x8009b168.c,2511f98c8c20b723e72e3ab5078d6c5ba55f16abb6e012fac88ff4c4bf9a2485,C_MATCHING
CARDGAME,0x8009b678,0x8009b76c,244,CARDGAME_F0x8009b678,src/cardgame/cardgame_f0x8009b678.c,c11a95943f1c5abf90eb8aedab97418923c9b7876ecf29ae874f17c184aa463e,C_MATCHING
CARDGAME,0x8009b76c,0x8009b890,292,CARDGAME_F0x8009b76c,src/cardgame/cardgame_f0x8009b76c.c,059d50a061d44a098cdd0570e204cb5d48110e7a6780963589e35ab73054a323,C_MATCHING
CARDGAME,0x8009b890,0x8009ba3c,428,CARDGAME_F0x8009b890,src/cardgame/cardgame_f0x8009b890.c,3752a7d7f740295fb88a9122031bdbfbff73c258026e15caf54ff38262b8f5b4,C_MATCHING
CARDGAME,0x8009ba3c,0x8009bac8,140,CARDGAME_F0x8009ba3c,src/cardgame/cardgame_f0x8009ba3c.c,8a17f6efcd7cd401603463379e850e7321a9ce8adc2cc52fc20d4e4b4b778d8d,C_MATCHING
CARDGAME,0x8009bac8,0x8009bba8,224,CARDGAME_F0x8009bac8,src/cardgame/cardgame_f0x8009bac8.c,526f42d71271e088ddf0ad91601a362b9ca922ac8bb1e72c3707c0b3b908d3e2,C_MATCHING
CARDGAME,0x8009bba8,0x8009be40,664,CARDGAME_F0x8009bba8,src/cardgame/cardgame_f0x8009bba8.c,3ce3a7945f3c83330f94444d5693c7fa887f499ff31338ccbf9f74b0313b41a8,C_MATCHING
CARDGAME,0x8009beac,0x8009bf5c,176,CARDGAME_F0x8009beac,src/cardgame/cardgame_f0x8009beac.c,050cdd762342f45cfa84c2ae80846d449d5b67991757fe039730377d4bc731c9,C_MATCHING
CARDGAME,0x8009bf5c,0x8009bfcc,112,CARDGAME_F0x8009bf5c,src/cardgame/cardgame_f0x8009bf5c.c,9d8a4d1afd2f4d2837ca3ffb197e0195f6569a4466db20bbaf637ae528edfa73,C_MATCHING
CARDGAME,0x8009c054,0x8009c0dc,136,CARDGAME_F0x8009c054,src/cardgame/cardgame_f0x8009c054.c,dbc557fc36798617aa7a1bce88c45fc52548dea5fe297b839081025e3122a113,C_MATCHING
CARDGAME,0x8009c0dc,0x8009c124,72,CARDGAME_F0x8009c0dc,src/cardgame/cardgame_f0x8009c0dc.c,180f8d604ab0fade905af19ddb9a4397f2060c6555519bed7928dec837435b9e,C_MATCHING
CARDGAME,0x8009c124,0x8009c16c,72,CARDGAME_F0x8009c124,src/cardgame/cardgame_f0x8009c124.c,fdd5412ef19acab15e14564be6f3bcace673d7744e04a0cd6a2d4a2932fc80b9,C_MATCHING
CARDGAME,0x8009c174,0x8009c1cc,88,CARDGAME_F0x8009c174,src/cardgame/cardgame_f0x8009c174.c,4d5375ecc6afff88f4bfd4cd7ffb08c3c53db4185f76c05d53f2cca4cdfead7f,C_MATCHING
CARDGAME,0x8009c1cc,0x8009c214,72,CARDGAME_F0x8009c1cc,src/cardgame/cardgame_f0x8009c1cc.c,e2a3272980469e00bfe6c256d195f88c720e396f390e952a1451184d4e1db565,C_MATCHING
CARDGAME,0x8009c214,0x8009c25c,72,CARDGAME_F0x8009c214,src/cardgame/cardgame_f0x8009c214.c,c7dd2e5551853795ddcd48b474c1aa647e926a18b210395faabb8f1aac235931,C_MATCHING
CARDGAME,0x8009c510,0x8009c5d8,200,CARDGAME_F0x8009c510,src/cardgame/cardgame_f0x8009c510.c,d6e89ed880ed1bdba2baaf09d36888ece51bdac0ff0e9108a24fab787efcd536,C_MATCHING
CARDGAME,0x8009c5d8,0x8009c654,124,CARDGAME_F0x8009c5d8,src/cardgame/cardgame_f0x8009c5d8.c,25892205c27c19d64422396c8576773a64208df26c01d0ba9401f3a696d0ae88,C_MATCHING
CARDGAME,0x8009c654,0x8009c6e8,148,CARDGAME_F0x8009c654,src/cardgame/cardgame_f0x8009c654.c,9645c03e033d66396dff602d06cc004b7dc8927aacabc976b6e8133f5a2879a2,C_MATCHING
CARDGAME,0x8009c6e8,0x8009c770,136,CARDGAME_F0x8009c6e8,src/cardgame/cardgame_f0x8009c6e8.c,5c0d96fb7f4b1654042976645aa95101cda1cb535b6355124e2545f6f38e5979,C_MATCHING
CARDGAME,0x8009c770,0x8009c7f8,136,CARDGAME_F0x8009c770,src/cardgame/cardgame_f0x8009c770.c,f6203dd9b14ce5f2d5aec68c2c06a2660fca212d8c667e2254613211ad3a7e5f,C_MATCHING
CARDGAME,0x8009c904,0x8009c938,52,CARDGAME_F0x8009c904,src/cardgame/cardgame_f0x8009c904.c,358f06d940af204e9ec3292b2f71c9736b8829df35f54260e9d2c5478120756a,C_MATCHING
CARDGAME,0x8009c938,0x8009c960,40,CARDGAME_F0x8009c938,src/cardgame/cardgame_f0x8009c938.c,cab1dabc353b5f46b7920f46109a56b6b584bcf28f33897859ac30a17ff76772,C_MATCHING
CARDGAME,0x8009c9a0,0x8009ca3c,156,CARDGAME_F0x8009c9a0,src/cardgame/cardgame_f0x8009c9a0.c,78b69bc381eae0ca3ba82bf9c36720b81556f287d427f6f8cfcd4b1d1bbbf4b3,C_MATCHING
CARDGAME,0x8009ca3c,0x8009ca80,68,CARDGAME_F0x8009ca3c,src/cardgame/cardgame_f0x8009ca3c.c,6c5ccead99d2bc4944f9e202dbf8e0bb6651e66d69819763b545185e36954cfe,C_MATCHING
CARDGAME,0x8009cda4,0x8009cdfc,88,CARDGAME_F0x8009cda4,src/cardgame/cardgame_f0x8009cda4.c,e7dc49dba9f3724c89f2de030c1f24170517977d5441cd8484de6bb1e061f738,C_MATCHING
CARDGAME,0x8009ce28,0x8009ce94,108,CARDGAME_F0x8009ce28,src/cardgame/cardgame_f0x8009ce28.c,ae2fe2b7495c58d558b55247a89909a892ad1441c9aef9045e2c3e893c39aba0,C_MATCHING
CARDGAME,0x8009ce94,0x8009cf60,204,CARDGAME_F0x8009ce94,src/cardgame/cardgame_f0x8009ce94.c,4fc691df1434dfde243e53247a29639e423c6b2646ddc0ee02058578cca97043,C_MATCHING
CARDGAME,0x8009cf60,0x8009cfbc,92,CARDGAME_F0x8009cf60,src/cardgame/cardgame_f0x8009cf60.c,44a13cead72ddb4037bd1ad2612d35395790ecd4130a252f9dd934d441adff66,C_MATCHING
CARDGAME,0x8009cfbc,0x8009d0b0,244,CARDGAME_F0x8009cfbc,src/cardgame/cardgame_f0x8009cfbc.c,c0fccaca6cd53c5a3a78171f5fe0bb3fcc87afcc98f6df873c499ee26870fd7e,C_MATCHING
CARDGAME,0x8009d0b0,0x8009d140,144,CARDGAME_F0x8009d0b0,src/cardgame/cardgame_f0x8009d0b0.c,b4ecbcfceaaf40cb1999bd16d0da7fb187d477e0d19a4038efae5b5e35eb0191,C_MATCHING
CARDGAME,0x8009d15c,0x8009d310,436,CARDGAME_F0x8009d15c,src/cardgame/cardgame_f0x8009d15c.c,9d9a0d78e9580d35a7b43e1bea99b92c466cf7a577361bcb166d072c28612056,C_MATCHING
CARDGAME,0x8009d310,0x8009d540,560,CARDGAME_F0x8009d310,src/cardgame/cardgame_f0x8009d310.c,e056fc53aed1498f935026ad0e7f467849b88470670541cdfd3de0c891f6b9a8,C_MATCHING
CARDGAME,0x8009d540,0x8009d6b4,372,CARDGAME_F0x8009d540,src/cardgame/cardgame_f0x8009d540.c,71e8c5a11e450e5bcc2fa701d8ed57d050e29f96979defcc89a5f29aaef7d115,C_MATCHING
CARDGAME,0x8009d6b4,0x8009d6e0,44,CARDGAME_F0x8009d6b4,src/cardgame/cardgame_f0x8009d6b4.c,6db3027f0b24730abaa4263655f63bf416f3eda07c2cc7e08b2d7a8d6dbdb7ec,C_MATCHING
CARDGAME,0x8009d6e0,0x8009d8fc,540,CARDGAME_F0x8009d6e0,src/cardgame/cardgame_f0x8009d6e0.c,dd69a43ea4d4a2de7aecdc17998a932b1479aa4ef5daf3bf0c7a79a5a490821f,C_MATCHING
CARDGAME,0x8009dbe8,0x8009dec4,732,CARDGAME_F0x8009dbe8,src/cardgame/cardgame_f0x8009dbe8.c,701ee014639ad03b093c40fe9bfafaed4a61fa12478e520a6bdac4b9d658610c,C_MATCHING
CARDGAME,0x8009dec4,0x8009df68,164,CARDGAME_F0x8009dec4,src/cardgame/cardgame_f0x8009dec4.c,54755375f41ceb0ca2808fbd19625c4f376bea7ebed4f98c30ca76580d5edd12,C_MATCHING
CARDGAME,0x8009e024,0x8009e560,1340,CARDGAME_F0x8009e024,src/cardgame/cardgame_f0x8009e024.c,ef90a692e313aa5a4f06bbfe979f529c3398ef29343c5952b76a27d1ee0755b0,C_MATCHING
CARDGAME,0x8009e560,0x8009e62c,204,CARDGAME_F0x8009e560,src/cardgame/cardgame_f0x8009e560.c,2e526429443eee110b50db3e29b2ba87914cdd991dec3d956c44d4ca62391ef4,C_MATCHING
CARDGAME,0x8009e668,0x8009edcc,1892,CARDGAME_F0x8009e668,src/cardgame/cardgame_f0x8009e668.c,9ed2cd7881e5f865b110a7c6606cf4dce3cd0ac8daa0f0330f38185966bc87d9,C_MATCHING
CARDGAME,0x8009edcc,0x8009eefc,304,CARDGAME_F0x8009edcc,src/cardgame/cardgame_f0x8009edcc.c,d8983fcf3d4da7661d67174559f8fd4ed7e2c8256fbf40d5d27ec98cae630052,C_MATCHING
CARDGAME,0x8009eefc,0x8009f04c,336,CARDGAME_F0x8009eefc,src/cardgame/cardgame_f0x8009eefc.c,6e0e9b18eeb0ac236fee38e9dd85a00a23902e439753bbe31fbfd41305a568c6,C_MATCHING
CARDGAME,0x8009f04c,0x8009f110,196,CARDGAME_F0x8009f04c,src/cardgame/cardgame_f0x8009f04c.c,d9ba0cd13b5d577e0e3f33ce5230dd0fd0a27c924fc4dcf68b4b104df8d90949,C_MATCHING
CARDGAME,0x8009f110,0x8009f8c0,1968,CARDGAME_F0x8009f110,src/cardgame/cardgame_f0x8009f110.c,cd9005ffba91c4d43eb6f46b4f0e78d799b848c10134f83938dc366901352e2f,C_MATCHING
CARDGAME,0x8009f998,0x8009fb18,384,CARDGAME_F0x8009f998,src/cardgame/cardgame_f0x8009f998.c,86447405ab9f417b0cddf9c16b8201ad65de4dfa20333585155f808e7f3310dd,C_MATCHING
CARDGAME,0x8009fb18,0x8009fdd8,704,CARDGAME_F0x8009fb18,src/cardgame/cardgame_f0x8009fb18.c,a013c22a1509b10940f31e0b36a65242f65da638080c05d3cce55546850fb4f5,C_MATCHING
CARDGAME,0x8009fdd8,0x800a0548,1904,CARDGAME_F0x8009fdd8,src/cardgame/cardgame_f0x8009fdd8.c,e7775534cf6dc7a33075ac7e2f5490a782e3676eb6d60ede5e20d2b6cfab770c,C_MATCHING
CARDGAME,0x800a0548,0x800a0590,72,CARDGAME_F0x800a0548,src/cardgame/cardgame_f0x800a0548.c,b442e27b2b9a7a6acb3bcc5a3dc5d6c29575e7eba2f753aaebd3b9b2ab40070e,C_MATCHING
CARDGAME,0x800a0628,0x800a0708,224,CARDGAME_F0x800a0628,src/cardgame/cardgame_f0x800a0628.c,5321227a0f9b5b4f309498a21c869cdc2538ebb97208f55cea8f9046b7e46ecf,C_MATCHING
CARDGAME,0x800a0708,0x800a0754,76,CARDGAME_F0x800a0708,src/cardgame/cardgame_f0x800a0708.c,d16df51895bf9738ac037a61862d2ba16d88d85cf49a16a703ddc94142df0e7e,C_MATCHING
CARDGAME,0x800a0754,0x800a0844,240,CARDGAME_F0x800a0754,src/cardgame/cardgame_f0x800a0754.c,832792d603e97cd71452a314c39ae1c3fc2c5e74117ec25ea4d1359ed5f63a11,C_MATCHING
CARDGAME,0x800a0844,0x800a09fc,440,CARDGAME_F0x800a0844,src/cardgame/cardgame_f0x800a0844.c,c6852d65cbed6d48bb9cbb2e835721d3d235a97ee67aa22cdbc997274fffddcf,C_MATCHING
CARDGAME,0x800a09fc,0x800a0acc,208,CARDGAME_F0x800a09fc,src/cardgame/cardgame_f0x800a09fc.c,c3cb9ba8ffd03fcdba9fc03a3d5e0b02a4e1f505a501547879d90ec93c0e18fa,C_MATCHING
STCRDABM,0x80082d88,0x80082e10,136,STCRDABM_func_80082d88,src/stcrdabm/stcrdabm_func_80082d88.c,117b2c7897bca62053a4e74153dc9341e4fdd00e48790c1843899fc341046f88,C_MATCHING
STCRDABM,0x80082e10,0x80082f54,324,STCRDABM_func_80082e10,src/stcrdabm/stcrdabm_func_80082e10.c,8075744cc1990659dba87eb9028ce5a55228d1ee6578f78d6f0e24779b2e2128,C_MATCHING
STCRDABM,0x80082f54,0x80083008,180,STCRDABM_func_80082f54,src/stcrdabm/stcrdabm_func_80082f54.c,3b74c8d7d482e1556690db360a228079645ce517239847d226c1067f9937912b,C_MATCHING
STCRDABM,0x80083008,0x8008304c,68,STCRDABM_func_80083008,src/stcrdabm/stcrdabm_func_80083008.c,cab0770f65a0c2e2a82294eb04963f2de8e93884c9342105f4dd8dabd441ebd7,C_MATCHING
STCRDABM,0x8008304c,0x80083114,200,STCRDABM_func_8008304c,src/stcrdabm/stcrdabm_func_8008304c.c,40f7bb712c09293277b4388f2620460bef7b6378285120e9550583cc9ee630bd,C_MATCHING
STCRDABM,0x80083114,0x8008314c,56,STCRDABM_func_80083114,src/stcrdabm/stcrdabm_func_80083114.c,107e6ccdadab45c555fea8b893085b2e8c00649ab2b5f7ef5ce2f8e624857710,C_MATCHING
STCRDABM,0x8008314c,0x80083174,40,STCRDABM_func_8008314c,src/stcrdabm/stcrdabm_func_8008314c.c,23ab771623395345e118e23a38731c0f89eca7f9b85db94f09f8cc2162cf8432,C_MATCHING
STCRDABM,0x80083174,0x800835bc,1096,STCRDABM_func_80083174,src/stcrdabm/stcrdabm_func_80083174.c,265ce1f1f5f00ffffab829aaed1eee495e3d4e7594185d8ca5a08cf9f31806fd,C_MATCHING
STCRDABM,0x800835bc,0x80083734,376,STCRDABM_func_800835bc,src/stcrdabm/stcrdabm_func_800835bc.c,3b449e35d83efc56418640ec9e537780807f593f803cb2d63dc29c2107512f69,C_MATCHING
STCRDABM,0x80083734,0x80083780,76,STCRDABM_func_80083734,src/stcrdabm/stcrdabm_func_80083734.c,ee7fe911a674db20ff32e619bcc8f28c85a953ca9d2401730d5e00e4b462b0b9,C_MATCHING
STCRDABM,0x80083780,0x80083848,200,STCRDABM_func_80083780,src/stcrdabm/stcrdabm_func_80083780.c,93239ea57cd2fd89eb38304c59d46b3e750c4d9f38b2bf44d93bad969008d93d,C_MATCHING
STCRDABM,0x80083848,0x80083a78,560,STCRDABM_func_80083848,src/stcrdabm/stcrdabm_func_80083848.c,02e1ae4578adc5b09c55961fe097a162ff3c3e84ceb8bad22ad8943ef5c88492,C_MATCHING
STCRDABM,0x80083a78,0x80083ad8,96,STCRDABM_func_80083a78,src/stcrdabm/stcrdabm_func_80083a78.c,77d518b8a2a8473ef541ecde128b657c2a5b01150f2166094775fd68f87ef174,C_MATCHING
STCRDABM,0x80083ad8,0x80083bd0,248,STCRDABM_func_80083ad8,src/stcrdabm/stcrdabm_func_80083ad8.c,8b87bbb42b97fd16e1008b61bf79d231891f548282f7adfd4b704cef180110db,C_MATCHING
STCRDABM,0x80083bd0,0x80083bfc,44,STCRDABM_func_80083bd0,src/stcrdabm/stcrdabm_func_80083bd0.c,6ccc7001569403192447761568b8ea5ef9baf2227da1bd9025a486ec9bdfee04,C_MATCHING
STCRDABM,0x80083bfc,0x80083e14,536,STCRDABM_func_80083bfc,src/stcrdabm/stcrdabm_func_80083bfc.c,2a0114bf1acd0187277d1973443cefc98a7a010bd76f3cc3d1e164a768b37531,C_MATCHING
STCRDABM,0x80083e14,0x800840ac,664,STCRDABM_func_80083e14,src/stcrdabm/stcrdabm_func_80083e14.c,9615fc0df5b5696378412f74cb5bbbc6fe9f3015a86fe115cc5e71d87f09e415,C_MATCHING
STCRDABM,0x800840ac,0x80084500,1108,STCRDABM_func_800840ac,src/stcrdabm/stcrdabm_func_800840ac.c,28643008880ed804efdc53d119512f7f305f2a3f0f403c6c061646f20a209f70,C_MATCHING
STCRDABM,0x80084500,0x80084bc8,1736,STCRDABM_func_80084500,src/stcrdabm/stcrdabm_func_80084500.c,c70094af8a682eff3e457c8432961c3b5628c710c6bc4a671db90fa9938b01cc,C_MATCHING
STCRDABM,0x80084bc8,0x80084c38,112,STCRDABM_func_80084bc8,src/stcrdabm/stcrdabm_func_80084bc8.c,fd5e8ce728a6063c3096127a7f2497be5c3156eaf5e8575bc6757f663bdd7e87,C_MATCHING
STCRDABM,0x80084c38,0x80085540,2312,STCRDABM_func_80084c38,src/stcrdabm/stcrdabm_func_80084c38.c,7d92be036b78dcf5f2df3cf11abdfcefb7ac36c2b4b69f62fbb161af5c004cf8,C_MATCHING
STCRDABM,0x80085540,0x8008566c,300,STCRDABM_func_80085540,src/stcrdabm/stcrdabm_func_80085540.c,b93ec99b5076ecbccedaef4449abd03d8b876ee61d9fe5f62786f76116471efd,C_MATCHING
STCRDABM,0x8008566c,0x800856a8,60,STCRDABM_func_8008566c,src/stcrdabm/stcrdabm_func_8008566c.c,5ebf264250297f37219dd38aaefc76d2a733abd85ced2dc943bdf4e8304e80e7,C_MATCHING
STCRDABM,0x800856a8,0x800857a0,248,STCRDABM_func_800856a8,src/stcrdabm/stcrdabm_func_800856a8.c,937a659a5456fa96233dfb4f1c81c3ef5b87a50ff2db91975084e588f1abbb40,C_MATCHING
STCRDABM,0x800857a0,0x800858a0,256,STCRDABM_func_800857a0,src/stcrdabm/stcrdabm_func_800857a0.c,8394b28a4340ebce279201ac840b3b6db77888b2dc9f086087cf4e0b55cef77e,C_MATCHING
STCRDABM,0x800858a0,0x80085934,148,STCRDABM_func_800858a0,src/stcrdabm/stcrdabm_func_800858a0.c,9ec00912b19a9e443fa9b8ad54eafb26e114f071d92b60b0be82627864d14089,C_MATCHING
STCRDABM,0x80085934,0x800859a0,108,STCRDABM_func_80085934,src/stcrdabm/stcrdabm_func_80085934.c,ed1b5676471e582526fdc50a8b47bb60673798455ebf98c652e86a7a77590d66,C_MATCHING
STCRDDEK,0x800831f0,0x800832e8,248,STCRDDEK_func_800831f0,src/stcrddek/stcrddek_func_800831f0.c,b1fde21aaac96b1315215f3a83c76b098c6d0da396513e48788ebd98a3f99772,C_MATCHING
STCRDDEK,0x800832e8,0x80083314,44,STCRDDEK_func_800832e8,src/stcrddek/stcrddek_func_800832e8.c,afa6e114b93a67fdc459084b5ef7dfe0e3c18cab83104b8393fbdfb1fea7ac0e,C_MATCHING
STCRDDEK,0x80083314,0x8008339c,136,STCRDDEK_func_80083314,src/stcrddek/stcrddek_func_80083314.c,5c8000ae70de7902362460d710025d64737ef6a9b2e6ead27f6f0046d84e58ef,C_MATCHING
STCRDDEK,0x8008339c,0x800834e0,324,STCRDDEK_func_8008339c,src/stcrddek/stcrddek_func_8008339c.c,4bafc4b16a6ca2ecd0f6941988aeb084dc3220a638c0b09624e85ba34dbba5b6,C_MATCHING
STCRDDEK,0x800834e0,0x80083594,180,STCRDDEK_func_800834e0,src/stcrddek/stcrddek_func_800834e0.c,96b7417a2720b03a63a5c48b5a3024954148a992bbe8ff8d926a8973d97d8288,C_MATCHING
STCRDDEK,0x80083594,0x800835d8,68,STCRDDEK_func_80083594,src/stcrddek/stcrddek_func_80083594.c,8b704459157f8e29dafff793e6484ded04d6dda7902ee444a0d106ad6e8ed9c2,C_MATCHING
STCRDDEK,0x800835d8,0x800837b4,476,STCRDDEK_func_800835d8,src/stcrddek/stcrddek_func_800835d8.c,91a62419e4119c498234aae5856e5953a480e4f6e904b204bc95c9ffc2d6c96e,C_MATCHING
STCRDDEK,0x800837b4,0x800838c4,272,STCRDDEK_func_800837b4,src/stcrddek/stcrddek_func_800837b4.c,6b6a79744a2dd31a705b94f016aea3adb30555250da846f845ad1db7a0d7f7d1,C_MATCHING
STCRDDEK,0x800838c4,0x80083934,112,STCRDDEK_func_800838c4,src/stcrddek/stcrddek_func_800838c4.c,09e6c4ec7b98107a33e7d94743178722c726c5426a8ad26cc6cb3526bd6edec1,C_MATCHING
STCRDDEK,0x80083934,0x8008397c,72,STCRDDEK_func_80083934,src/stcrddek/stcrddek_func_80083934.c,2885e1ca61d0497d1cc780afd01352b2dd6a5bea06781ec49164ff4e02ab6160,C_MATCHING
STCRDDEK,0x8008397c,0x80083d28,940,STCRDDEK_func_8008397c,src/stcrddek/stcrddek_func_8008397c.c,b3b3df5312b9b621512969385fcc2ccdb5ae795e96b6be173d62cf457928b803,C_MATCHING
STCRDDEK,0x80083d28,0x80084278,1360,STCRDDEK_func_80083d28,src/stcrddek/stcrddek_func_80083d28.c,d75331b13a00e431787f4264b7f8fceb3a0a8e5eb0031475ee375b144968107f,C_MATCHING
STCRDDEK,0x80084278,0x80084440,456,STCRDDEK_func_80084278,src/stcrddek/stcrddek_func_80084278.c,9abf084b5daff3313634e6c943d2daf648bafec6bd34ec9fae6648cd36f56f85,C_MATCHING
STCRDDEK,0x80084440,0x800847c0,896,STCRDDEK_func_80084440,src/stcrddek/stcrddek_func_80084440.c,3e84f8dd1987c496433c94616abc870ea59cbfb19550255dfd530a64e1d165d1,C_MATCHING
STCRDDEK,0x800847c0,0x80084890,208,STCRDDEK_func_800847c0,src/stcrddek/stcrddek_func_800847c0.c,6fe5f1f691b4f764c3ef827b2ffd6fe9f453e7530b4092735c3f1feab2811fd8,C_MATCHING
STCRDDEK,0x80084890,0x80085210,2432,STCRDDEK_func_80084890,src/stcrddek/stcrddek_func_80084890.c,478fa93a7293666d83fa545e20ad2ddc9c4a0ba76d87c8bc04758b3cca5376fd,C_MATCHING
STCRDDEK,0x80085210,0x80086574,4964,STCRDDEK_func_80085210,src/stcrddek/stcrddek_func_80085210.c,efdccddf4808d8fbb0751978324a83bce003d6d2588a18ebd1df2978c92e85e1,C_MATCHING
STCRDDEK,0x80086574,0x8008660c,152,STCRDDEK_func_80086574,src/stcrddek/stcrddek_func_80086574.c,9f6f9556c924d3905ed1c7c24dccc4fa515261a0e4019a5a6126a789fb3b2005,C_MATCHING
STCRDDEK,0x8008660c,0x80086664,88,STCRDDEK_func_8008660c,src/stcrddek/stcrddek_func_8008660c.c,b9836b1c4e28023eb0c1fe55866c43cfac3fc5fd0bd6c83fee5e3d081b9e19f5,C_MATCHING
STCRDDEK,0x800867e8,0x8008687c,148,STCRDDEK_func_800867e8,src/stcrddek/stcrddek_func_800867e8.c,19deec5a11ca39fa1860e0cb03fa65cd97c405f4dff977e02b98c1c9286920c3,C_MATCHING
STCRDDEK,0x8008687c,0x800868e8,108,STCRDDEK_func_8008687c,src/stcrddek/stcrddek_func_8008687c.c,01abda85be8e3e21ca3a2ca5af78ad681d66c293f00818c247a41d43319223ac,C_MATCHING
STCRDDEK,0x800868e8,0x80086ad8,496,STCRDDEK_func_800868e8,src/stcrddek/stcrddek_func_800868e8.c,c3798ff0565f5268b0cb9e06b009645c039e67eb1f69bf5a58835d977a0e6638,C_MATCHING
STCRDDEK,0x80086ad8,0x80086e04,812,STCRDDEK_func_80086ad8,src/stcrddek/stcrddek_func_80086ad8.c,699308894f8f9c0383d4aafa27686c7c99d1ba0d048538c7a9c9507828e732cc,C_MATCHING
STCRDDEK,0x80086e04,0x80087788,2436,STCRDDEK_func_80086e04,src/stcrddek/stcrddek_func_80086e04.c,4f2d418ca148476b45356eae5b4752fa8a49f351e9638fbebac90418c0972601,C_MATCHING
STCRDDEK,0x80087788,0x800884e8,3424,STCRDDEK_func_80087788,src/stcrddek/stcrddek_func_80087788.c,67b1846d09956861927f6f5787b438ef1f36bf8f0d7edcd3d5fe516e387cda63,C_MATCHING
STCRDDEK,0x800884e8,0x80088628,320,STCRDDEK_func_800884e8,src/stcrddek/stcrddek_func_800884e8.c,a584e8df208dd2b815df7d94cb567dfbda6368ec192d1a5feda6494d3779328b,C_MATCHING
STCRDDEK,0x80088628,0x80088634,12,STCRDDEK_func_80088628,src/stcrddek/stcrddek_func_80088628.c,3873ea5957b3bb2ee2610597e693e4973b9220c8cddce70209e1fd8eeb6e0eaa,C_MATCHING
STCRDDEK,0x80088634,0x800886c8,148,STCRDDEK_func_80088634,src/stcrddek/stcrddek_func_80088634.c,ce28a3acdd3e2f1781c788121af815acfa3c7620a62c9269cf2cd69ae09c33ac,C_MATCHING
STCRDDEK,0x800886c8,0x800887c8,256,STCRDDEK_F0x800886c8,src/stcrddek/stcrddek_func_800886c8.c,76cb44bb4c34e5db9b0141ca69c28ac52ab43801ed49c3bcc697b5f113e38fe7,C_MATCHING
STCRDDEK,0x800887c8,0x800887d4,12,STCRDDEK_func_800887c8,src/stcrddek/stcrddek_func_800887c8.c,b67fb2ee2e09026aac3c9ee2777c5aaccb78edc7ab96d647c1e619fafc21a599,C_MATCHING
STCRDDEK,0x800887d4,0x80088874,160,STCRDDEK_F0x800887d4,src/stcrddek/stcrddek_func_800887d4.c,f532f3a3ee077a113723fa529c1dbb1f84530b785606b9a84d8c71dda3d38e25,C_MATCHING
STCRDDEK,0x80088874,0x80088880,12,STCRDDEK_func_80088874,src/stcrddek/stcrddek_func_80088874.c,c9ece664aaeb56baaa7b7d1b6423002909ebdedbd276b7afdb37725754ae6690,C_MATCHING
STCRDDEK,0x80088880,0x80088894,20,STCRDDEK_func_80088880,src/stcrddek/stcrddek_func_80088880.c,9a79a07534393c155ec06859e5ae591d99c1356e8b1613070d36a61972b1c0e0,C_MATCHING
STCRDDEK,0x80088894,0x800888a8,20,STCRDDEK_func_80088894,src/stcrddek/stcrddek_func_80088894.c,7274bcd7b7e3386a8ff353b1c8d3a38f9a4e41291893a82fff86992bfdb973f3,C_MATCHING
STCRDDEK,0x800888a8,0x800888b0,8,STCRDDEK_func_800888a8,src/stcrddek/stcrddek_func_800888a8.c,3f16fa86e042adac613f40ba62dab0b089c4fdf05cae29f0bf0e6fa6734f8758,C_MATCHING
STCRDDEK,0x800888b0,0x80088ac8,536,STCRDDEK_func_800888b0,src/stcrddek/stcrddek_func_800888b0.c,794b268563138678644516b6b67ed62677a20af7d17557c640e3a314e46a8126,C_MATCHING
STCRDDEK,0x80088ac8,0x80088b34,108,STCRDDEK_F0x80088ac8,src/stcrddek/stcrddek_func_80088ac8.c,cadc6f59d84c75968afe7eff500ac85a5d18e09af0b1f2d226dac8b338f650c4,C_MATCHING
STCRDDEK,0x80088b34,0x80088d24,496,STCRDDEK_func_80088b34,src/stcrddek/stcrddek_func_80088b34.c,44724c9439de376b2886bba3c36c68ac76269e7dacc9aca20344e0dd230c7608,C_MATCHING
STCRDDEK,0x80088d24,0x80088e74,336,STCRDDEK_func_80088d24,src/stcrddek/stcrddek_func_80088d24.c,1b335faa9f8958c636d1364cdf22c8ba88c8f8e260df85cb9340ba1a4f88ae16,C_MATCHING
STCRDDEK,0x80088e74,0x8008924c,984,STCRDDEK_func_80088e74,src/stcrddek/stcrddek_func_80088e74.c,dd378f17509d3cab546c2ff7c1a310234e43af4196cd48ca0cbf0d5dc3523f48,C_MATCHING
STCRDDEK,0x8008924c,0x80089354,264,STCRDDEK_func_8008924c,src/stcrddek/stcrddek_func_8008924c.c,173dc6cd0db90db663510c46ceed37d3174b6f2ad7e4c314e7ec30dc96f6a089,C_MATCHING
STCRDDEK,0x80089354,0x80089e98,2884,STCRDDEK_func_80089354,src/stcrddek/stcrddek_func_80089354.c,342b2416495c552c02ed9caa8c081afa4a3f98b3cf2457698e37cfbeee156c26,C_MATCHING
STCRDDEK,0x80089e98,0x8008a0b8,544,STCRDDEK_func_80089e98,src/stcrddek/stcrddek_func_80089e98.c,27a5bf97e2628d54566875588ba9a0c8feb5aa0c1b5b620cbbe47b94f4d7b6ae,C_MATCHING
STCRDDEK,0x8008a0b8,0x8008a100,72,STCRDDEK_func_8008a0b8,src/stcrddek/stcrddek_func_8008a0b8.c,83bc19aa4ea3f9a49214d941c940b6cc0f73dc5b4ed4b202c65e0fa54aa6c37d,C_MATCHING
STCRDDEK,0x8008a100,0x8008a21c,284,STCRDDEK_func_8008a100,src/stcrddek/stcrddek_func_8008a100.c,43394e8c1e41f0d181b3289f412175b19dd4be4e2c72e5aba6ca0ecb30c274f4,C_MATCHING
STCRDDEK,0x8008a21c,0x8008a2d8,188,STCRDDEK_func_8008a21c,src/stcrddek/stcrddek_func_8008a21c.c,7aa896f3611baff6e29549bf8e8202f8489456c9612a48b7d056c9b90fd1d456,C_MATCHING
STCRDDEK,0x8008a2d8,0x8008a36c,148,STCRDDEK_func_8008a2d8,src/stcrddek/stcrddek_func_8008a2d8.c,17ce2c3209898f25893bc257aa406b07c0cc6a7c997c1ce60d1297064c906851,C_MATCHING
STCRDDEK,0x8008a36c,0x8008a3d8,108,STCRDDEK_func_8008a36c,src/stcrddek/stcrddek_func_8008a36c.c,fbbd33ca09ac25c89bd70f0db1bca2beb45bae7764a0eac255909abc668604f8,C_MATCHING
STCRDSHP,0x8008300c,0x800832c8,700,STCRDSHP_func_8008300c,src/stcrdshp/stcrdshp_func_8008300c.c,26a45c2ab8295a7f74ca2d0630857cdd0cc0cb3f60226bfe1281fac1709f33ce,C_MATCHING
STCRDSHP,0x800832c8,0x800835b8,752,STCRDSHP_func_800832c8,src/stcrdshp/stcrdshp_func_800832c8.c,90340ec7436926f5bc2d7f4f2b3e4eb1f49db296739b99a97a42812d3fc3be43,C_MATCHING
STCRDSHP,0x800835b8,0x80083780,456,STCRDSHP_func_800835b8,src/stcrdshp/stcrdshp_func_800835b8.c,b4c2ebe71a0ce8cd48752f2b927afb7f622dca29fc8c036c5a05782125f4e6d5,C_MATCHING
STCRDSHP,0x80083780,0x80083ba8,1064,STCRDSHP_func_80083780,src/stcrdshp/stcrdshp_func_80083780.c,bf45e853b302d10fac3967f11ba3f61df32974e35f3f2d530f79e1a9607112d5,C_MATCHING
STCRDSHP,0x80083ba8,0x800843c0,2072,STCRDSHP_func_80083ba8,src/stcrdshp/stcrdshp_func_80083ba8.c,ec5f0930b67f9f22b358b755ecdfcd702ba5879daab1b27798e3c9e474ecbc0d,C_MATCHING
STCRDSHP,0x800843c0,0x800844b8,248,STCRDSHP_func_800843c0,src/stcrdshp/stcrdshp_func_800843c0.c,8a7be9fd1b2a7250b9093b945af874828def1dceba5e86c6f190c60ff16a0cce,C_MATCHING
STCRDSHP,0x800844b8,0x800852cc,3604,STCRDSHP_func_800844b8,src/stcrdshp/stcrdshp_func_800844b8.c,b0787952beba5d44d0acdb96acc38e91972234ef1d291a85f0d643dc1509bc41,C_MATCHING
STCRDSHP,0x800852cc,0x8008536c,160,STCRDSHP_func_800852cc,src/stcrdshp/stcrdshp_func_800852cc.c,a99a4bcc1372144410f870b6c40076ebf9732e096985ff65713fbe10ef9edb07,C_MATCHING
STCRDSHP,0x8008536c,0x800853b4,72,STCRDSHP_func_8008536c,src/stcrdshp/stcrdshp_func_8008536c.c,e4e6eaac4cd0d14080a45f4d8ca32593fe7ab32b4fa461d53aa4d69a629745a6,C_MATCHING
STCRDSHP,0x800853b4,0x8008543c,136,STCRDSHP_func_800853b4,src/stcrdshp/stcrdshp_func_800853b4.c,de8dc419eb2c7c3df0725d3bcd60e785f9e2c5b73c99866bdd958e1a21658c23,C_MATCHING
STCRDSHP,0x8008543c,0x80085580,324,STCRDSHP_func_8008543c,src/stcrdshp/stcrdshp_func_8008543c.c,6dfcf3be4c1ac74a36206362075f427eecc0ad703e923e67660bc0a75f814c0b,C_MATCHING
STCRDSHP,0x80085580,0x80085634,180,STCRDSHP_func_80085580,src/stcrdshp/stcrdshp_func_80085580.c,3a9d903ca210879f181de2cb7a97ccaeeae6b2ff07640a620cc8fe20a1a25af9,C_MATCHING
STCRDSHP,0x80085634,0x80085678,68,STCRDSHP_func_80085634,src/stcrdshp/stcrdshp_func_80085634.c,952bab9b95f45137226fc74b8767a3cdff4f20618f58fb6568ba144b77594c22,C_MATCHING
STCRDSHP,0x80085678,0x80085730,184,STCRDSHP_func_80085678,src/stcrdshp/stcrdshp_func_80085678.c,73573eed9dba8d28f9147c403659046ab38bc6d19d6e0a8bcb7b929d61bbc04e,C_MATCHING
STCRDSHP,0x80085730,0x80085788,88,STCRDSHP_func_80085730,src/stcrdshp/stcrdshp_func_80085730.c,eb2eabde835cecbebdaac9906109e8c039ebcb144ff9311e6e7693e51d786ab5,C_MATCHING
STCRDSHP,0x80085788,0x800857b0,40,STCRDSHP_func_80085788,src/stcrdshp/stcrdshp_func_80085788.c,4f0a56c6462444fb7abf3846994c15be44c8a6a38fd57b236fdf612a169e2387,C_MATCHING
STCRDSHP,0x800857b0,0x80085bac,1020,STCRDSHP_func_800857b0,src/stcrdshp/stcrdshp_func_800857b0.c,cd06d40fb3f89d56b858b474c4e80cdc6aea0bda232377076c9eaa715fcca6a7,C_MATCHING
STCRDSHP,0x80085bac,0x80085cd8,300,STCRDSHP_func_80085bac,src/stcrdshp/stcrdshp_func_80085bac.c,32199cf480c500b213719fb77662c3d801c6b6940674daa6d90b3bd4d2ec7fec,C_MATCHING
STCRDSHP,0x80085cd8,0x80085da0,200,STCRDSHP_func_80085cd8,src/stcrdshp/stcrdshp_func_80085cd8.c,8310b6c343330bb0dda65c348aac44533fb98c74d7e6d5ca810ead23a0d3d710,C_MATCHING
STCRDSHP,0x80085da0,0x80085fdc,572,STCRDSHP_func_80085da0,src/stcrdshp/stcrdshp_func_80085da0.c,05dcf2908cc8712f5739cadafce6ddae371d4068c5e667614369e55b7e6e207a,C_MATCHING
STCRDSHP,0x80085fdc,0x80086074,152,STCRDSHP_func_80085fdc,src/stcrdshp/stcrdshp_func_80085fdc.c,929ab346f9f64ff8e83b4663b5560616a05afa9e17848ed9f5c8dc4acc4a5b21,C_MATCHING
STCRDSHP,0x80086074,0x8008627c,520,STCRDSHP_func_80086074,src/stcrdshp/stcrdshp_func_80086074.c,aa29fff13e1fea50da7225090e4fbb75a50b46c591894ffb576880e116ee6ec5,C_MATCHING
STCRDSHP,0x8008627c,0x8008674c,1232,STCRDSHP_func_8008627c,src/stcrdshp/stcrdshp_func_8008627c.c,d9781f052a9aa29c8508c77d83d4c4cf7253e437c8bf3be6d3da0c6078cabf73,C_MATCHING
STCRDSHP,0x8008674c,0x80086dc4,1656,STCRDSHP_func_8008674c,src/stcrdshp/stcrdshp_func_8008674c.c,1e7f7661a1985b7a14825f2deabb536b23fc04160b377370c250f66bc51cb43b,C_MATCHING
STCRDSHP,0x80086dc4,0x80087a2c,3176,STCRDSHP_func_80086dc4,src/stcrdshp/stcrdshp_func_80086dc4.c,5620ec737830c945f9171511c663d069b402bddf6eca999d10fd16c8aae6820a,C_MATCHING
STCRDSHP,0x80087a2c,0x80087b84,344,STCRDSHP_func_80087a2c,src/stcrdshp/stcrdshp_func_80087a2c.c,5ca67bbdf9a126de9c2f80b34d2a61ca646a7b2a5aad6be1421d620339090c8f,C_MATCHING
STCRDSHP,0x80087b84,0x80087bdc,88,STCRDSHP_func_80087b84,src/stcrdshp/stcrdshp_func_80087b84.c,500927e07b2ca33d03e57c4ea243336e81439e899e63cc2a6f7d9f726434d259,C_MATCHING
STCRDSHP,0x80087bdc,0x80087cd4,248,STCRDSHP_func_80087bdc,src/stcrdshp/stcrdshp_func_80087bdc.c,587579093d600bd1bf1dc7e73666489d91f1c898f91c863b2f6ef0aa545fb26d,C_MATCHING
STCRDSHP,0x80087cd4,0x80087d00,44,STCRDSHP_func_80087cd4,src/stcrdshp/stcrdshp_func_80087cd4.c,faee987df89704f5b18abd7183bc9a7ae02ff5d6fb482616d613fedd928a3d4e,C_MATCHING
STCRDSHP,0x80087d00,0x80087e8c,396,STCRDSHP_func_80087d00,src/stcrdshp/stcrdshp_func_80087d00.c,16e81f86d59da8e7587736fb458a24f74a856e0585018a9201abeb57df38baad,C_MATCHING
STCRDSHP,0x80087e8c,0x80087fac,288,STCRDSHP_func_80087e8c,src/stcrdshp/stcrdshp_func_80087e8c.c,41616fadd64dcdd75ff126d1aaea5133cdcd34228424af02bbcb63fe9cc1fef0,C_MATCHING
STCRDSHP,0x80087fac,0x800880c4,280,STCRDSHP_func_80087fac,src/stcrdshp/stcrdshp_func_80087fac.c,4e3f444208706f833663c6ba69743db69d2673091d387a9248f60485031e435d,C_MATCHING
STCRDSHP,0x800880c4,0x8008838c,712,STCRDSHP_func_800880c4,src/stcrdshp/stcrdshp_func_800880c4.c,08eeb486f5b785753a3dba2e7138c9baf0d7ed7899c7b38312b268eedffe6b66,C_MATCHING
STCRDSHP,0x8008838c,0x80088afc,1904,STCRDSHP_func_8008838c,src/stcrdshp/stcrdshp_func_8008838c.c,b97afb36ca0878466114796c97452e62dc5c230418b316e90492087e994daf3c,C_MATCHING
STCRDSHP,0x80088afc,0x80088b50,84,STCRDSHP_func_80088afc,src/stcrdshp/stcrdshp_func_80088afc.c,e8776572994f6b95a5ca87a57e4ad94a60eb885ecf95ed4f466641c1a7a7eb68,C_MATCHING
STCRDSHP,0x80088b50,0x80088ca0,336,STCRDSHP_func_80088b50,src/stcrdshp/stcrdshp_func_80088b50.c,15df20cdf9a9fcd1584ea23e845f1b3dbd166b4e160fc10d56b9aa5b89993bc9,C_MATCHING
STCRDSHP,0x80088ca0,0x80088e24,388,STCRDSHP_func_80088ca0,src/stcrdshp/stcrdshp_func_80088ca0.c,40cd88a75848fb6596fa2035094bce33921f7f0c638460a5151f5bddcb3d65d3,C_MATCHING
STCRDSHP,0x80088e24,0x80088ef4,208,STCRDSHP_func_80088e24,src/stcrdshp/stcrdshp_func_80088e24.c,1a1defbb99afb8fdcc82ee5b9f7b44a3ba843fdd30c5bd23d1e54b769c29e91c,C_MATCHING
STCRDSHP,0x80088ef4,0x80088fb4,192,STCRDSHP_func_80088ef4,src/stcrdshp/stcrdshp_func_80088ef4.c,8c7b212edfdffd93b417463550e356265af86cefc8e67f5554597847f71859ae,C_MATCHING
STCRDSHP,0x80088fb4,0x80089048,148,STCRDSHP_func_80088fb4,src/stcrdshp/stcrdshp_func_80088fb4.c,6d97d2246e5a3b19ba85d6f23a6c0904a7d0baa2a266b436eb031c0fc78b6858,C_MATCHING
STCRDSHP,0x80089048,0x800890b4,108,STCRDSHP_func_80089048,src/stcrdshp/stcrdshp_func_80089048.c,0d91feb854b592dfe49f5417879dea0f6f1e5f53b0c70a749d8960edf4b3fa4f,C_MATCHING
STCRDSHP,0x800890b4,0x800890f4,64,STCRDSHP_func_800890b4,src/stcrdshp/stcrdshp_func_800890b4.c,11abdd26de1287e7ca60a0debc6c702deb7ffc52dbb361422aa25ec6f5b050f3,C_MATCHING
STCRDSHP,0x80089160,0x8008923c,220,STCRDSHP_func_80089160,src/stcrdshp/stcrdshp_func_80089160.c,9ac064eb0fb8d741e1c73080c48d07bd5876dac473caf96791a0f69129b6e443,C_MATCHING
STCRDSHP,0x8008923c,0x80089288,76,STCRDSHP_func_8008923c,src/stcrdshp/stcrdshp_func_8008923c.c,adf44316469cf4632c809d235461b8269be1b7cd942bc921fce83ccf3701950b,C_MATCHING
